{"Mean_MAE":0.07552441194110696,"_runtime":122,"_step":0,"Model":"RandomForest","_timestamp":1.7646758193891153e+09,"_wandb":{"runtime":122},"Mean_RMSE":0.22090246282154521,"Mean_MAPE":5.398195492523575,"Mean_R2":0.7091136176818433,"Timestamp":"2025-12-02 11:43:39"}