{"Timestamp":"2025-12-02 11:58:04","_timestamp":1.7646766842527485e+09,"Mean_R2":-0.29292746467144437,"_step":0,"Model":"NaiveLastHour","_runtime":4,"Mean_MAPE":8.863990232751728,"_wandb":{"runtime":4},"Mean_RMSE":0.46370221083624674,"Mean_MAE":0.1607116967095807}