{"_timestamp":1.7646796183238974e+09,"Model":"XGBRegressor","Timestamp":"2025-12-02 12:46:58","Mean_MAE":0.08036343194544315,"Mean_RMSE":0.22140337635788965,"Mean_R2":0.7089319825172424,"Mean_MAPE":5.468779325538469,"_wandb":{"runtime":11},"_runtime":11,"_step":0}