{"_timestamp":1.7646717640876012e+09,"_step":0,"Mean_MAE":0.2198268048185825,"Mean_RMSE":0.3995188435196752,"Mean_R2":0.05173096260826934,"_wandb":{"runtime":23},"_runtime":23,"Mean_MAPE":15.808711647998836}