{"_wandb":{"runtime":23},"Mean_RMSE":0.3995188435196752,"Mean_MAE":0.2198268048185825,"Timestamp":"2025-12-02 11:41:08","_runtime":23,"_step":0,"_timestamp":1.7646756685453503e+09,"Model":"PoissonGLM","Mean_R2":0.05173096260826934,"Mean_MAPE":15.808711647998836}