{"_timestamp":1.7646752701072612e+09,"Mean_MAE":0.2198268048185825,"_runtime":22,"Mean_R2":0.05173096260826934,"Mean_RMSE":0.3995188435196752,"Mean_MAPE":15.808711647998836,"Timestamp":"2025-12-02 11:34:30","Model":"PoissonGLM","_step":0,"_wandb":{"runtime":22}}