{"Mean_MAE":0.2199968449526094,"Mean_RMSE":0.3995285879986844,"_wandb":{"runtime":23},"_runtime":23,"Mean_R2":0.05168680327095895,"Mean_MAPE":15.818998747883171,"_timestamp":1.7646692081416228e+09,"_step":0}