{"_runtime":0,"Mean_RMSE":0.2195469270245917,"_step":0,"Model":"RandomForest","Mean_R2":0.7129623073958615,"Mean_MAPE":4.7427550100911375,"_wandb":{"runtime":0},"Mean_MAE":0.07004681128169554,"_timestamp":1.76470114429254e+09}