{"Mean_RMSE":0.22090246282154521,"Mean_MAPE":5.398195492523575,"Mean_R2":0.7091136176818433,"Mean_MAE":0.07552441194110696,"_runtime":121,"_timestamp":1.7646760169833188e+09,"Model":"RandomForest","Timestamp":"2025-12-02 11:46:56","_wandb":{"runtime":121},"_step":0}