{"_wandb":{"runtime":27},"Timestamp":"2025-12-02 11:31:05","Model":"PoissonGLM","_step":0,"Mean_MAE":0.2198268048185825,"Mean_R2":0.05173096260826934,"Mean_MAPE":15.808711647998836,"Mean_RMSE":0.3995188435196752,"_timestamp":1.764675065481253e+09,"_runtime":27}