{"_runtime":6,"_step":0,"Mean_MAE":0.21850401754717835,"Mean_RMSE":0.41109611415696756,"Mean_R2":-0.006094505993748972,"Mean_MAPE":15.79290451532881,"_timestamp":1.764671555329571e+09,"_wandb":{"runtime":6}}