{"_wandb":{"runtime":0},"_timestamp":1.764701318727239e+09,"Mean_MAPE":9.779327290490425e+10,"_step":0,"Mean_RMSE":0.3594532436980227,"Mean_R2":-0.00020644896615723551,"_runtime":0,"Model":"BaselineMean","Mean_MAE":0.1976728979163781}