{"_timestamp":1.7646764388225718e+09,"Model":"CatBoost","_step":0,"Mean_RMSE":0.20578767166149714,"Timestamp":"2025-12-02 11:53:58","_wandb":{"runtime":13},"_runtime":13,"Mean_R2":0.7485559808973181,"Mean_MAPE":4.857653035365451,"Mean_MAE":0.07242521312439235}