{"Mean_R2":-0.29292746467144437,"Timestamp":"2025-12-02 11:34:50","_step":0,"_timestamp":1.7646752902856498e+09,"_wandb":{"runtime":4},"Mean_RMSE":0.46370221083624674,"Model":"NaiveLastHour","_runtime":4,"Mean_MAE":0.1607116967095807,"Mean_MAPE":8.863990232751728}