{"Mean_MAE":0.07242521312439235,"Mean_MAPE":4.857653035365451,"Timestamp":"2025-12-02 10:58:59","Model":"CatBoost","_wandb":{"runtime":13},"Mean_RMSE":0.20578767166149714,"_timestamp":1.7646731399444494e+09,"_runtime":13,"_step":0,"Mean_R2":0.7485559808973181}