{"Mean_MAE":0.1607116967095807,"_runtime":5,"_step":0,"Mean_MAPE":8.863990232751728,"Timestamp":"2025-12-02 13:03:15","Mean_RMSE":0.46370221083624674,"Mean_R2":-0.29292746467144437,"Model":"NaiveLastHour","_wandb":{"runtime":5},"_timestamp":1.7646805956515417e+09}