{"Mean_RMSE":0.2195469270245917,"_timestamp":1.7646853842691092e+09,"_step":0,"_wandb":{"runtime":0},"_runtime":0,"Mean_MAE":0.07004681128169554,"Mean_R2":0.7129623073958615,"Mean_MAPE":4.7427550100911375,"Model":"RandomForest"}