{"Model":"NaiveMean","Mean_MAPE":17.1993411464785,"Timestamp":"2025-12-02 11:47:57","_wandb":{"runtime":2},"_runtime":2,"Mean_R2":-0.0006531491339195061,"_timestamp":1.7646760778967733e+09,"Mean_MAE":0.23691019948122888,"Mean_RMSE":0.4104223299438821,"_step":0}