{"_step":0,"Mean_RMSE":0.4104223299438821,"Mean_MAPE":17.1993411464785,"_runtime":3,"Mean_R2":-0.0006531491339195061,"Timestamp":"2025-12-02 10:56:16","Mean_MAE":0.23691019948122888,"_wandb":{"runtime":3},"Model":"NaiveMean","_timestamp":1.7646729763661397e+09}