{"_wandb":{"runtime":9},"Mean_MAE":0.08036343194544315,"Mean_RMSE":0.22140337635788965,"_timestamp":1.7646756295863853e+09,"Mean_MAPE":5.468779325538469,"Mean_R2":0.7089319825172424,"Timestamp":"2025-12-02 11:40:29","_step":0,"Model":"XGBRegressor","_runtime":9}