{"Mean_MAPE":15.808711647998836,"_timestamp":1.7646758662248287e+09,"Mean_R2":0.05173096260826934,"Mean_MAE":0.2198268048185825,"_runtime":22,"Timestamp":"2025-12-02 11:44:26","Mean_RMSE":0.3995188435196752,"_wandb":{"runtime":22},"Model":"PoissonGLM","_step":0}