{"_wandb":{"runtime":3},"Model":"NaiveMean","Mean_MAPE":17.1993411464785,"Mean_RMSE":0.4104223299438821,"Timestamp":"2025-12-02 11:31:20","_step":0,"_timestamp":1.764675080373375e+09,"Mean_MAE":0.23691019948122888,"Mean_R2":-0.0006531491339195061,"_runtime":3}