{"Mean_RMSE":0.3996508412838857,"Mean_R2":0.05115941041664934,"Mean_MAPE":15.729016504120786,"Model":"LinearRegression","_wandb":{"runtime":0},"Mean_MAE":0.21908155481938293,"_step":0,"_timestamp":1.7648707641809304e+09,"_runtime":0}