{"_step":0,"Mean_MAE":0.06832993972012621,"Mean_RMSE":0.2012071779445991,"Mean_R2":0.7594903204225602,"_wandb":{"runtime":19},"_runtime":19,"Mean_MAPE":4.539904973104964,"_timestamp":1.7646691838692513e+09}