{"Model":"LinearRegression","Mean_MAPE":15.729016504120786,"_wandb":{"runtime":0},"_runtime":0,"Mean_R2":0.05115941041664934,"_timestamp":1.7646853196823866e+09,"Mean_RMSE":0.3996508412838857,"_step":0,"Mean_MAE":0.21908155481938293}