{"_runtime":0,"Mean_R2":0.962676436133816,"_step":0,"_wandb":{"runtime":0},"Mean_MAPE":5.802361732357614e+06,"Model":"XGBRegressor","_timestamp":1.764701504282649e+09,"Mean_MAE":0.007884539908913002,"Mean_RMSE":0.06935378757523883}