{"Mean_RMSE":0.3995188435196752,"Mean_R2":0.05173096260826934,"_step":0,"Mean_MAE":0.2198268048185825,"Timestamp":"2025-12-02 13:55:28","_wandb":{"runtime":25},"_timestamp":1.76468372814941e+09,"_runtime":25,"Mean_MAPE":15.808711647998836,"Model":"PoissonGLM"}