{"Timestamp":"2025-12-02 11:44:46","Mean_RMSE":0.46370221083624674,"_timestamp":1.7646758862580466e+09,"_runtime":4,"Model":"NaiveLastHour","Mean_MAE":0.1607116967095807,"Mean_R2":-0.29292746467144437,"_step":0,"Mean_MAPE":8.863990232751728,"_wandb":{"runtime":4}}