{"Model":"RandomForest","_step":0,"_timestamp":1.7646731160658255e+09,"Mean_RMSE":0.22090246282154521,"_wandb":{"runtime":123},"_runtime":123,"Mean_R2":0.7091136176818433,"Mean_MAE":0.07552441194110696,"Timestamp":"2025-12-02 10:58:36","Mean_MAPE":5.398195492523575}