{"Model":"XGBRegressor","Mean_RMSE":0.21973305781853233,"Mean_R2":0.7131832242012024,"_timestamp":1.7646853941228933e+09,"_runtime":0,"Mean_MAE":0.07917877659201622,"_wandb":{"runtime":0},"Mean_MAPE":5.382766609765082,"_step":0}