{"Mean_R2":-0.29292746467144437,"Mean_RMSE":0.46370221083624674,"_timestamp":1.7646794682108161e+09,"Model":"NaiveLastHour","Timestamp":"2025-12-02 12:44:28","Mean_MAE":0.1607116967095807,"_wandb":{"runtime":5},"Mean_MAPE":8.863990232751728,"_step":0,"_runtime":5}