{"Mean_RMSE":0.22090246282154521,"_timestamp":1.7646796055472836e+09,"Mean_MAE":0.07552441194110696,"_wandb":{"runtime":128},"_runtime":128,"Mean_R2":0.7091136176818433,"Mean_MAPE":5.398195492523575,"Timestamp":"2025-12-02 12:46:45","_step":0,"Model":"RandomForest"}