{"Mean_RMSE":0.20578767166149714,"Model":"CatBoost","Mean_MAE":0.07242521312439235,"_timestamp":1.7646756435582914e+09,"Timestamp":"2025-12-02 11:40:43","Mean_R2":0.7485559808973181,"_step":0,"Mean_MAPE":4.857653035365451,"_wandb":{"runtime":12},"_runtime":12}