{"Mean_MAPE":1.2909518591328887e+06,"_step":0,"Model":"CatBoostRegressor","_runtime":0,"Mean_MAE":0.006253071805990636,"Mean_R2":0.97087543392647,"_timestamp":1.7646859313611531e+09,"Mean_RMSE":0.061313299491305186,"_wandb":{"runtime":0}}