{"_runtime":3,"Mean_RMSE":0.4104223299438821,"Mean_R2":-0.0006531491339195061,"_step":0,"Mean_MAE":0.23691019948122888,"_wandb":{"runtime":3},"Mean_MAPE":17.1993411464785,"_timestamp":1.7646744397346506e+09,"Timestamp":"2025-12-02 11:20:39","Model":"NaiveMean"}