{"Mean_MAPE":5.468779325538469,"_timestamp":1.764671725353051e+09,"_step":0,"Mean_MAE":0.08036343194544315,"_runtime":8,"_wandb":{"runtime":8},"Mean_RMSE":0.22140337635788965,"Mean_R2":0.7089319825172424}