{"Model":"PoissonGLM","Mean_R2":0.05173096260826934,"Mean_MAE":0.2198268048185825,"Timestamp":"2025-12-02 12:01:04","_step":0,"_wandb":{"runtime":23},"_timestamp":1.764676864074626e+09,"Mean_RMSE":0.3995188435196752,"_runtime":23,"Mean_MAPE":15.808711647998836}