{"Mean_RMSE":0.41109611415696756,"Mean_R2":-0.006094505993749055,"Mean_MAPE":15.792904515328809,"_timestamp":1.7646690555109725e+09,"_wandb":{"runtime":2},"_runtime":2,"_step":0,"Mean_MAE":0.21850401754717835}