{"Model":"SeasonalWeekly","_runtime":6,"Mean_RMSE":0.41109611415696756,"Mean_R2":-0.006094505993748972,"_step":0,"Mean_MAE":0.21850401754717835,"Timestamp":"2025-12-02 11:34:57","_wandb":{"runtime":6},"Mean_MAPE":15.79290451532881,"_timestamp":1.764675297448868e+09}