Model,MAE,RMSE,MAPE
Moving Average (7-day),4.828571428571428,5.700578798635783,60.02745135800199
Naive Seasonal (7-day),5.2,6.340346993658944,52.034133722601204
Naive Seasonal (30-day),5.433333333333334,6.6558245169174945,51.25202582362025
