{"Mean_MAE":0.1976728979163781,"_wandb":{"runtime":0},"_runtime":0,"Model":"BaselineMean","Mean_MAPE":9.779327290490425e+10,"_timestamp":1.7647038003379622e+09,"Mean_RMSE":0.3594532436980227,"_step":0,"Mean_R2":-0.00020644896615723551}