{"_wandb":{"runtime":8},"_runtime":8,"_step":0,"Mean_RMSE":0.22140337635788965,"Model":"XGBRegressor","Mean_MAE":0.08036343194544315,"Timestamp":"2025-12-02 11:37:10","_timestamp":1.7646754309402862e+09,"Mean_R2":0.7089319825172424,"Mean_MAPE":5.468779325538469}