{"Mean_R2":0.7089319825172424,"Timestamp":"2025-12-02 13:54:46","_runtime":9,"_timestamp":1.7646836869876833e+09,"_wandb":{"runtime":9},"Mean_RMSE":0.22140337635788965,"_step":0,"Mean_MAE":0.08036343194544315,"Model":"XGBRegressor","Mean_MAPE":5.468779325538469}