{"_timestamp":1.7646756195820978e+09,"Mean_MAE":0.07552441194110696,"Mean_RMSE":0.22090246282154521,"Timestamp":"2025-12-02 11:40:19","_wandb":{"runtime":122},"Mean_MAPE":5.398195492523575,"Mean_R2":0.7091136176818433,"Model":"RandomForest","_step":0,"_runtime":122}