{"_runtime":7,"Mean_R2":-0.006094505993748972,"_step":0,"Mean_MAPE":15.79290451532881,"Mean_RMSE":0.41109611415696756,"Mean_MAE":0.21850401754717835,"_timestamp":1.7646806040402906e+09,"Timestamp":"2025-12-02 13:03:24","_wandb":{"runtime":7},"Model":"SeasonalWeekly"}