{"_step":0,"Mean_R2":0.05115941041664934,"Mean_MAE":0.21908155481938293,"Mean_RMSE":0.3996508412838857,"Mean_MAPE":15.729016504120786,"_runtime":0,"_timestamp":1.764701088046704e+09,"Model":"LinearRegression","_wandb":{"runtime":0}}