{"_wandb":{"runtime":4},"Model":"NaiveLastHour","Mean_R2":-0.29292746467144437,"_step":0,"_timestamp":1.764675688266961e+09,"Mean_MAE":0.1607116967095807,"_runtime":4,"Mean_RMSE":0.46370221083624674,"Mean_MAPE":8.863990232751728,"Timestamp":"2025-12-02 11:41:28"}