{"_step":0,"Mean_MAPE":15.79290451532881,"Mean_MAE":0.21850401754717835,"_timestamp":1.764676290640699e+09,"_wandb":{"runtime":6},"_runtime":6,"Model":"SeasonalWeekly","Mean_RMSE":0.41109611415696756,"Mean_R2":-0.006094505993748972,"Timestamp":"2025-12-02 11:51:30"}