{"_wandb":{"runtime":122},"_runtime":122,"Mean_MAE":0.07552441194110696,"Mean_R2":0.7091136176818433,"Model":"RandomForest","_timestamp":1.7646754212876678e+09,"Timestamp":"2025-12-02 11:37:01","Mean_RMSE":0.22090246282154521,"Mean_MAPE":5.398195492523575,"_step":0}