{"Model":"RandomForest","_step":0,"Mean_MAE":0.07552441194110696,"_timestamp":1.7646762150394623e+09,"_wandb":{"runtime":123},"_runtime":123,"Mean_MAPE":5.398195492523575,"Mean_RMSE":0.22090246282154521,"Timestamp":"2025-12-02 11:50:15","Mean_R2":0.7091136176818433}