{"_timestamp":1.7646766242291334e+09,"Mean_RMSE":0.22140337635788965,"Model":"XGBRegressor","Mean_R2":0.7089319825172424,"Mean_MAPE":5.468779325538469,"Timestamp":"2025-12-02 11:57:04","Mean_MAE":0.08036343194544315,"_step":0,"_wandb":{"runtime":7},"_runtime":7}