{"Model":"PoissonGLM","_wandb":{"runtime":26},"Mean_MAPE":15.808711647998836,"_step":0,"Mean_RMSE":0.3995188435196752,"Mean_MAE":0.2198268048185825,"_runtime":26,"_timestamp":1.7646796637499282e+09,"Mean_R2":0.05173096260826934,"Timestamp":"2025-12-02 12:47:43"}