{"_runtime":0,"_wandb":{"runtime":0},"Mean_MAE":0.23691019948122888,"Mean_MAPE":17.1993411464785,"_timestamp":1.7648707595382926e+09,"_step":0,"Model":"BaselineMean","Mean_R2":-0.0006531491339196727,"Mean_RMSE":0.4104223299438821}