{"Timestamp":"2025-12-02 10:56:31","_timestamp":1.7646729916644306e+09,"Mean_R2":-0.006094505993748972,"_step":0,"_wandb":{"runtime":7},"_runtime":7,"Mean_RMSE":0.41109611415696756,"Mean_MAE":0.21850401754717835,"Model":"SeasonalWeekly","Mean_MAPE":15.79290451532881}