{"_step":0,"Mean_R2":0.962676436133816,"_runtime":0,"Mean_MAPE":5.802361732357614e+06,"_timestamp":1.7646857440206304e+09,"Model":"XGBRegressor","Mean_MAE":0.007884539908913002,"Mean_RMSE":0.06935378757523883,"_wandb":{"runtime":0}}