{"Model":"SeasonalWeekly","Mean_MAPE":15.79290451532881,"Timestamp":"2025-12-02 11:38:16","_runtime":6,"Mean_R2":-0.006094505993748972,"Mean_RMSE":0.41109611415696756,"_wandb":{"runtime":6},"_step":0,"_timestamp":1.7646754960428371e+09,"Mean_MAE":0.21850401754717835}