{"_timestamp":1.7646752841775415e+09,"Mean_R2":-0.0006531491339195061,"Mean_RMSE":0.4104223299438821,"_step":0,"_wandb":{"runtime":2},"Mean_MAE":0.23691019948122888,"Mean_MAPE":17.1993411464785,"Model":"NaiveMean","Timestamp":"2025-12-02 11:34:44","_runtime":2}