{"_timestamp":1.7647011525131233e+09,"Model":"XGBRegressor","Mean_R2":0.7131832242012024,"_wandb":{"runtime":0},"_runtime":0,"Mean_RMSE":0.21973305781853233,"Mean_MAPE":5.382766609765082,"Mean_MAE":0.07917877659201622,"_step":0}