{"Timestamp":"2025-12-02 13:52:10","_timestamp":1.764683530460064e+09,"Mean_RMSE":0.4104223299438821,"Mean_MAPE":17.1993411464785,"Mean_MAE":0.23691019948122888,"_step":0,"Model":"NaiveMean","_wandb":{"runtime":5},"_runtime":5,"Mean_R2":-0.0006531491339195061}