{"Mean_MAPE":17.1993411464785,"_timestamp":1.7646690454807231e+09,"_step":0,"Mean_MAE":0.23691019948122888,"_wandb":{"runtime":5},"_runtime":5,"Mean_RMSE":0.4104223299438821,"Mean_R2":-0.0006531491339196727}