{"Mean_MAPE":15.79290451532881,"_wandb":{"runtime":6},"_timestamp":1.7646764915734684e+09,"Timestamp":"2025-12-02 11:54:51","Mean_RMSE":0.41109611415696756,"Mean_MAE":0.21850401754717835,"_runtime":6,"Model":"SeasonalWeekly","_step":0,"Mean_R2":-0.006094505993748972}