{"_runtime":24,"_wandb":{"runtime":24},"Model":"PoissonGLM","Mean_MAE":0.2198268048185825,"Timestamp":"2025-12-02 11:54:23","_step":0,"Mean_R2":0.05173096260826934,"_timestamp":1.7646764639156744e+09,"Mean_RMSE":0.3995188435196752,"Mean_MAPE":15.808711647998836}