{"_runtime":0,"Mean_R2":0.962676436133816,"Model":"XGBRegressor","_wandb":{"runtime":0},"Mean_RMSE":0.06935378757523883,"Mean_MAPE":5.802361732357614e+06,"_timestamp":1.7647040027630625e+09,"_step":0,"Mean_MAE":0.007884539908913002}