{"r2_h3":0.07455597589704,"mae_mean":0.17156648021500823,"r2_h6":0.07337361403566411,"_wandb":{"runtime":49},"r2_mean":0.07437324971043856,"r2_h1":0.07704007176797256,"train_rows":682526,"mae_h1":0.17092129395010613,"rmse_h2":0.3268431624717275,"rmse_h6":0.32720204846098694,"rmse_h3":0.3269984454168322,"_step":1,"test_rows":433706,"mae_h24":0.17188949969215236,"r2_h24":0.07261087748663508,"mae_h3":0.1715663949327876,"r2_h12":0.07320950614676125,"r2_h2":0.07544945292855831,"num_npus":26,"rmse_h1":0.3265566779979878,"_runtime":49,"rmse_mean":0.3270173453707024,"rmse_h24":0.3272935976669103,"rmse_h12":0.3272101402097695,"_timestamp":1.7649934533819983e+09,"mae_h2":0.17131353318373746,"mae_h6":0.17183652513328654,"mae_h12":0.17187163439797934}