{"_timestamp":1.7646690515888433e+09,"_step":0,"Mean_MAE":0.23689444938935586,"_wandb":{"runtime":3},"_runtime":3,"Mean_RMSE":0.41041964939324704,"Mean_R2":-0.0006397222658100499,"Mean_MAPE":17.19776613729136}