{"Mean_RMSE":0.19417564033566492,"_step":0,"Mean_R2":0.776022673538396,"Mean_MAPE":4.303552943910251,"Mean_MAE":0.06482810732013863,"_timestamp":1.7648708792560291e+09,"Model":"CatBoostRegressor","_wandb":{"runtime":0},"_runtime":0}