{"_runtime":0,"_wandb":{"runtime":0},"_step":0,"Model":"LinearRegression","Mean_MAPE":62772.71765870668,"_timestamp":1.7646855999790416e+09,"Mean_RMSE":0.12486062063365248,"Mean_MAE":0.021613293817843427,"Mean_R2":0.8793462750060894}