{"Timestamp":"2025-12-02 12:00:15","Mean_MAPE":5.398195492523575,"_runtime":123,"Mean_MAE":0.07552441194110696,"_wandb":{"runtime":123},"_step":0,"Mean_R2":0.7091136176818433,"Model":"RandomForest","Mean_RMSE":0.22090246282154521,"_timestamp":1.7646768154886537e+09}