{"Mean_MAPE":15.808711647998836,"_timestamp":1.7646746296490088e+09,"Mean_RMSE":0.3995188435196752,"Mean_MAE":0.2198268048185825,"Timestamp":"2025-12-02 11:23:49","_wandb":{"runtime":23},"_step":0,"_runtime":23,"Model":"PoissonGLM","Mean_R2":0.05173096260826934}