{"_step":0,"Mean_R2":0.8793462750060894,"_runtime":0,"Mean_RMSE":0.12486062063365248,"Mean_MAPE":62772.71765870668,"_timestamp":1.7647013464211926e+09,"_wandb":{"runtime":0},"Model":"LinearRegression","Mean_MAE":0.021613293817843427}