{"Mean_MAPE":4.7427550100911375,"Mean_RMSE":0.2195469270245917,"_timestamp":1.7647036205357094e+09,"_step":0,"_wandb":{"runtime":0},"Model":"RandomForest","Mean_MAE":0.07004681128169553,"_runtime":0,"Mean_R2":0.7129623073958615}