{"Mean_RMSE":0.41109611415696756,"_step":0,"Model":"SeasonalWeekly","Mean_R2":-0.006094505993748972,"Mean_MAPE":15.79290451532881,"Mean_MAE":0.21850401754717835,"_wandb":{"runtime":5},"_runtime":5,"Timestamp":"2025-12-02 11:48:10","_timestamp":1.7646760908892264e+09}