{"Mean_MAPE":5.347131817675327,"_timestamp":1.7646691633552113e+09,"_step":0,"_runtime":10,"_wandb":{"runtime":10},"Mean_MAE":0.0773663017898798,"Mean_RMSE":0.21931753630363882,"Mean_R2":0.7140716314315796}