{"Model":"BaselineMean","Mean_R2":-0.00020644896615723551,"_step":0,"Mean_MAE":0.1976728979163781,"_wandb":{"runtime":0},"Mean_MAPE":9.779327290490425e+10,"_timestamp":1.764685574375381e+09,"Mean_RMSE":0.3594532436980227,"_runtime":0}