{"Mean_R2":0.9629502762935441,"Mean_RMSE":0.06914074151566264,"_runtime":0,"_step":0,"Mean_MAE":0.006975134181508701,"Mean_MAPE":0.4709259295580969,"_timestamp":1.7646856962317727e+09,"Model":"RandomForest","_wandb":{"runtime":0}}