{"num_npus":26,"_runtime":51,"mae_mean":0.17156648021500823,"rmse_h3":0.3269984454168322,"test_rows":433706,"mae_h24":0.17188949969215236,"rmse_h1":0.3265566779979878,"rmse_h12":0.3272101402097695,"mae_h6":0.17183652513328654,"_wandb":{"runtime":51},"rmse_h24":0.3272935976669103,"train_rows":682526,"mae_h12":0.17187163439797934,"_step":1,"mae_h1":0.17092129395010613,"rmse_h6":0.32720204846098694,"mae_h3":0.1715663949327876,"rmse_mean":0.3270173453707024,"rmse_h2":0.3268431624717275,"mae_h2":0.17131353318373746,"_timestamp":1.7648945039387171e+09}