{"_runtime":122,"Mean_MAE":0.07552441194110696,"Mean_RMSE":0.22090246282154521,"Mean_R2":0.7091136176818433,"Mean_MAPE":5.398195492523575,"_timestamp":1.7646717156059387e+09,"_step":0,"_wandb":{"runtime":122}}