{"_step":0,"Mean_MAE":0.07004681128169554,"_timestamp":1.7648708285829322e+09,"Mean_RMSE":0.2195469270245917,"Mean_MAPE":4.7427550100911375,"_runtime":0,"_wandb":{"runtime":0},"Mean_R2":0.7129623073958615,"Model":"RandomForest"}