{"Mean_RMSE":0.41109611415696756,"_step":0,"Model":"SeasonalWeekly","Mean_MAE":0.21850401754717835,"Mean_R2":-0.006094505993748972,"Mean_MAPE":15.79290451532881,"Timestamp":"2025-12-02 11:44:53","_wandb":{"runtime":6},"_timestamp":1.7646758938179216e+09,"_runtime":6}