{"_timestamp":1.7646691520047977e+09,"_wandb":{"runtime":95},"_runtime":95,"_step":0,"Mean_MAE":0.06954955458863088,"Mean_RMSE":0.21316866850374455,"Mean_R2":0.7296283209276622,"Mean_MAPE":4.715579226555438}