{"_wandb":{"runtime":0},"_runtime":0,"Model":"RandomForest","Mean_MAPE":0.4709259295580969,"Mean_RMSE":0.06914074151566264,"_step":0,"_timestamp":1.7647039412266912e+09,"Mean_MAE":0.006975134181508701,"Mean_R2":0.9629502762935441}