{"_step":0,"Mean_R2":-0.0006531491339196727,"_wandb":{"runtime":0},"_timestamp":1.764703558846874e+09,"Model":"BaselineMean","_runtime":0,"Mean_MAE":0.23691019948122888,"Mean_RMSE":0.4104223299438821,"Mean_MAPE":17.1993411464785}