{"Mean_MAPE":8.863990232751728,"_timestamp":1.7646750876433933e+09,"Mean_R2":-0.29292746467144437,"Timestamp":"2025-12-02 11:31:27","Mean_MAE":0.1607116967095807,"_runtime":5,"_step":0,"Model":"NaiveLastHour","Mean_RMSE":0.46370221083624674,"_wandb":{"runtime":5}}