{"_wandb":{"runtime":0},"Model":"BaselineMean","Mean_MAE":0.23691019948122888,"Mean_R2":-0.0006531491339196727,"_timestamp":1.764685313652561e+09,"Mean_MAPE":17.1993411464785,"_step":0,"Mean_RMSE":0.4104223299438821,"_runtime":0}