{"_timestamp":1.7647014478330314e+09,"Mean_MAPE":0.4709259295580969,"Model":"RandomForest","Mean_MAE":0.006975134181508701,"Mean_R2":0.9629502762935441,"_runtime":0,"_wandb":{"runtime":0},"_step":0,"Mean_RMSE":0.06914074151566263}