{"Model":"RandomForest","Mean_RMSE":0.22090246282154521,"_runtime":123,"Mean_MAPE":5.398195492523575,"_timestamp":1.7646764153694336e+09,"Mean_MAE":0.07552441194110696,"Mean_R2":0.7091136176818433,"_wandb":{"runtime":123},"Timestamp":"2025-12-02 11:53:35","_step":0}